0001.jpg,75.2
0002.jpg,75.4
0003.jpg,75.4
0004.jpg,75.4
0005.jpg,75.4
0006.jpg,75.5
0007.jpg,74.9
0008.jpg,75.5
0009.jpg,75.5
0010.jpg,75.6
0011.jpg,75.6
0012.jpg,75.6
0013.jpg,75.6
0014.jpg,75.6
0015.jpg,75.6
0016.jpg,75.6
0017.jpg,75.7
0018.jpg,74.8
0019.jpg,75.6
0020.jpg,75.6
0021.jpg,75.6
0022.jpg,75.4
0023.jpg,75.3
0024.jpg,75.3
0025.jpg,75.2
0026.jpg,75.2
0027.jpg,75.2
0028.jpg,75.6
0029.jpg,74.8
0030.jpg,75.6
0031.jpg,75.6
0032.jpg,75.6
0033.jpg,75.1
0034.jpg,75.0
0035.jpg,75.3
0036.jpg,75.4
0037.jpg,75.4
0038.jpg,75.4
0039.jpg,74.8
0040.jpg,75.5
0041.jpg,75.7
0042.jpg,75.7
0043.jpg,75.7
0044.jpg,75.8
0045.jpg,75.6
0046.jpg,75.6
0047.jpg,75.6
0048.jpg,75.6
0049.jpg,75.6
0050.jpg,74.8
0051.jpg,75.7
0052.jpg,75.8
0053.jpg,75.8
0054.jpg,75.9
0055.jpg,76.1
0056.jpg,75.9
0057.jpg,75.9
0058.jpg,75.8
0059.jpg,75.8
0060.jpg,75.8
0061.jpg,74.7
0062.jpg,75.8
0063.jpg,75.9
0064.jpg,75.9
0065.jpg,76.0
0066.jpg,76.0
0067.jpg,76.1
0068.jpg,76.1
0069.jpg,76.1
0070.jpg,76.2
0071.jpg,76.2
0072.jpg,75.0
0073.jpg,74.7
0074.jpg,76.2
0075.jpg,76.3
0076.jpg,76.2
0077.jpg,76.2
0078.jpg,76.0
0079.jpg,76.0
0080.jpg,75.8
0081.jpg,75.8
0082.jpg,75.8
0083.jpg,75.7
0084.jpg,74.9
0085.jpg,75.7
0086.jpg,75.8
0087.jpg,75.7
0088.jpg,75.7
0089.jpg,75.6
0090.jpg,75.6
0091.jpg,75.6
0092.jpg,75.5
0093.jpg,75.5
0094.jpg,75.6
0095.jpg,75.1
0096.jpg,75.8
0097.jpg,75.8
0098.jpg,75.8
0099.jpg,75.8
0100.jpg,75.8
0101.jpg,75.8
0102.jpg,75.8
0103.jpg,75.7
0104.jpg,75.7
0105.jpg,75.8
0106.jpg,75.1
0107.jpg,75.9
0108.jpg,75.9
0109.jpg,75.8
0110.jpg,75.9
0111.jpg,75.9
0112.jpg,75.9
0113.jpg,75.8
0114.jpg,75.8
0115.jpg,76.0
0116.jpg,76.2
0117.jpg,75.2
0118.jpg,76.2
0119.jpg,76.2
0120.jpg,76.2
0121.jpg,76.0
0122.jpg,76.0
0123.jpg,76.0
0124.jpg,76.0
0125.jpg,75.8
0126.jpg,75.9
0127.jpg,75.9
0128.jpg,75.2
0129.jpg,75.8
0130.jpg,76.0
0131.jpg,76.0
0132.jpg,75.9
0133.jpg,76.0
0134.jpg,76.0
0135.jpg,76.1
0136.jpg,76.1
0137.jpg,76.1
0138.jpg,76.1
0139.jpg,75.2
0140.jpg,76.0
0141.jpg,75.9
0142.jpg,75.9
0143.jpg,75.8
0144.jpg,75.8
0145.jpg,75.8
0146.jpg,75.9
0147.jpg,75.9
0148.jpg,75.8
0149.jpg,75.8
0150.jpg,75.2
0151.jpg,75.8
0152.jpg,75.8
0153.jpg,75.8
0154.jpg,75.8
0155.jpg,75.8
0156.jpg,75.8
0157.jpg,75.8
0158.jpg,75.9
0159.jpg,75.9
0160.jpg,75.9
0161.jpg,75.4
0162.jpg,75.9
0163.jpg,76.0
0164.jpg,76.0
0165.jpg,76.0
0166.jpg,76.1
0167.jpg,76.1
0168.jpg,76.1
0169.jpg,76.1
0170.jpg,76.1
0171.jpg,76.2
0172.jpg,75.4
0173.jpg,76.3
0174.jpg,76.3
0175.jpg,76.1
0176.jpg,76.1
0177.jpg,76.1
0178.jpg,76.0
0179.jpg,75.8
0180.jpg,75.8
0181.jpg,75.8
0182.jpg,75.8
0183.jpg,74.9
0184.jpg,75.6
0185.jpg,75.8
0186.jpg,75.8
0187.jpg,75.8
0188.jpg,75.8
0189.jpg,75.8
0190.jpg,75.8
0191.jpg,75.8
0192.jpg,75.8
0193.jpg,75.7
0194.jpg,75.7
0195.jpg,75.6
0196.jpg,75.7
0197.jpg,75.7
0198.jpg,75.7
0199.jpg,75.7
0200.jpg,75.7
0201.jpg,75.7
0202.jpg,75.6
0203.jpg,75.7
0204.jpg,75.7
0205.jpg,75.7
0206.jpg,75.6
0207.jpg,75.6
0208.jpg,75.6
0209.jpg,75.6
0210.jpg,74.9
0211.jpg,75.6
0212.jpg,75.6
0213.jpg,75.5
0214.jpg,75.4
0215.jpg,75.4
0216.jpg,81.6
0217.jpg,81.5
0218.jpg,81.5
0219.jpg,81.3
0220.jpg,81.3
0221.jpg,81.2
0222.jpg,81.6
0223.jpg,81.0
0224.jpg,81.0
0225.jpg,81.1
0226.jpg,81.1
0227.jpg,80.9
0228.jpg,80.7
0229.jpg,80.7
0230.jpg,80.7
0231.jpg,80.7
0232.jpg,80.7
0233.jpg,81.6
0234.jpg,81.0
0235.jpg,81.0
0236.jpg,81.2
0237.jpg,81.2
0238.jpg,81.1
0239.jpg,81.3
0240.jpg,81.3
0241.jpg,81.6
0242.jpg,81.9
0243.jpg,81.9
0244.jpg,81.9
0245.jpg,82.6
0246.jpg,82.0
0247.jpg,82.0
0248.jpg,82.1
0249.jpg,81.8
0250.jpg,81.8
0251.jpg,81.9
0252.jpg,81.9
0253.jpg,81.9
0254.jpg,81.8
0255.jpg,81.9
0256.jpg,81.8
0257.jpg,81.8
0258.jpg,81.7
0259.jpg,81.7
0260.jpg,81.7
0261.jpg,81.3
0262.jpg,80.9
0263.jpg,80.9
0264.jpg,80.8
0265.jpg,80.4
0266.jpg,81.3
0267.jpg,80.4
0268.jpg,80.4
0269.jpg,80.0
0270.jpg,80.0
0271.jpg,80.1
0272.jpg,80.2
0273.jpg,80.1
0274.jpg,80.1
0275.jpg,80.4
0276.jpg,80.4
0277.jpg,81.3
0278.jpg,80.2
0279.jpg,80.2
0280.jpg,80.3
0281.jpg,80.4
0282.jpg,80.6
0283.jpg,80.6
0284.jpg,80.7
0285.jpg,80.8
0286.jpg,80.8
0287.jpg,80.8
0288.jpg,81.6
0289.jpg,81.3
0290.jpg,80.9
0291.jpg,80.9
0292.jpg,81.0
0293.jpg,81.1
0294.jpg,81.1
0295.jpg,80.9
0296.jpg,81.1
0297.jpg,81.0
0298.jpg,80.9
0299.jpg,81.3
0300.jpg,80.6
0301.jpg,80.6
0302.jpg,80.8
0303.jpg,80.8
0304.jpg,80.9
0305.jpg,80.9
0306.jpg,80.9
0307.jpg,81.0
0308.jpg,81.2
0309.jpg,81.2
0310.jpg,81.4
0311.jpg,81.3
0312.jpg,81.5
0313.jpg,81.5
0314.jpg,81.7
0315.jpg,81.9
0316.jpg,82.0
0317.jpg,82.0
0318.jpg,82.2
0319.jpg,82.2
0320.jpg,81.6
0321.jpg,82.1
0322.jpg,82.1
0323.jpg,82.1
0324.jpg,82.1
0325.jpg,81.9
0326.jpg,81.9
0327.jpg,81.8
0328.jpg,81.8
0329.jpg,81.9
0330.jpg,81.8
0331.jpg,81.6
0332.jpg,81.8
0333.jpg,82.1
0334.jpg,81.4
0335.jpg,81.4
0336.jpg,81.6
0337.jpg,80.9
0338.jpg,80.3
0339.jpg,80.3
0340.jpg,79.8
0341.jpg,79.7
0342.jpg,81.8
0343.jpg,79.7
0344.jpg,79.6
0345.jpg,80.1
0346.jpg,80.1
0347.jpg,80.7
0348.jpg,81.1
0349.jpg,81.1
0350.jpg,81.4
0351.jpg,81.9
0352.jpg,82.0
0353.jpg,82.2
0354.jpg,82.2
0355.jpg,82.3
0356.jpg,81.8
0357.jpg,81.8
0358.jpg,81.7
0359.jpg,81.0
0360.jpg,80.4
0361.jpg,80.4
0362.jpg,82.0
0363.jpg,80.7
0364.jpg,80.7
0365.jpg,81.5
0366.jpg,82.0
0367.jpg,82.0
0368.jpg,81.9
0369.jpg,81.9
0370.jpg,81.9
0371.jpg,81.8
0372.jpg,81.8
0373.jpg,81.9
0374.jpg,82.2
0375.jpg,82.3
0376.jpg,82.3
0377.jpg,82.3
0378.jpg,82.3
0379.jpg,82.8
0380.jpg,82.7
0381.jpg,82.7
0382.jpg,81.9
0383.jpg,82.5
0384.jpg,82.6
0385.jpg,82.6
0386.jpg,82.6
0387.jpg,82.4
0388.jpg,82.4
0389.jpg,82.3
0390.jpg,82.2
0391.jpg,82.2
0392.jpg,82.3
0393.jpg,81.6
0394.jpg,81.3
0395.jpg,82.3
0396.jpg,82.3
0397.jpg,82.3
0398.jpg,81.7
0399.jpg,81.4
0400.jpg,81.4
0401.jpg,81.2
0402.jpg,81.9
0403.jpg,81.9
0404.jpg,81.3
0405.jpg,82.0
0406.jpg,82.3
0407.jpg,82.7
0408.jpg,82.7
0409.jpg,82.8
0410.jpg,82.9
0411.jpg,82.9
0412.jpg,83.1
0413.jpg,83.2
0414.jpg,83.2
0415.jpg,81.3
0416.jpg,83.0
0417.jpg,82.6
0418.jpg,82.3
0419.jpg,81.5
0420.jpg,81.1
0421.jpg,81.1
0422.jpg,80.6
0423.jpg,80.1
0424.jpg,80.1
0425.jpg,81.2
0426.jpg,79.2
0427.jpg,78.8
0428.jpg,78.8
0429.jpg,79.1
0430.jpg,79.1
0431.jpg,79.3
0432.jpg,79.6
0433.jpg,79.8
0434.jpg,79.8
0435.jpg,81.2
0436.jpg,79.8
0437.jpg,79.1
0438.jpg,78.4
0439.jpg,78.3
0440.jpg,77.7
0441.jpg,77.9
0442.jpg,77.9
0443.jpg,77.4
0444.jpg,77.1
0445.jpg,81.2
0446.jpg,81.0
0447.jpg,81.3
0448.jpg,81.3
0449.jpg,81.4
0450.jpg,81.6
0451.jpg,81.5
0452.jpg,81.5
0453.jpg,81.5
0454.jpg,81.8
0455.jpg,81.5
0456.jpg,83.8
0457.jpg,83.6
0458.jpg,83.7
0459.jpg,83.7
0460.jpg,83.8
0461.jpg,83.8
0462.jpg,83.8
0463.jpg,83.8
0464.jpg,83.8
0465.jpg,83.8
0466.jpg,84.0
0467.jpg,83.9
0468.jpg,83.9
0469.jpg,83.9
0470.jpg,83.9
0471.jpg,83.9
0472.jpg,84.0
0473.jpg,83.8
0474.jpg,84.1
0475.jpg,84.2
0476.jpg,84.2
0477.jpg,84.3
0478.jpg,84.4
0479.jpg,84.4
0480.jpg,84.6
0481.jpg,84.6
0482.jpg,84.6
0483.jpg,84.6
0484.jpg,83.8
0485.jpg,84.5
0486.jpg,84.5
0487.jpg,84.4
0488.jpg,84.4
0489.jpg,84.4
0490.jpg,84.3
0491.jpg,84.3
0492.jpg,84.2
0493.jpg,84.1
0494.jpg,83.8
0495.jpg,83.8
0496.jpg,83.3
0497.jpg,82.9
0498.jpg,82.9
0499.jpg,82.6
0500.jpg,82.4
0501.jpg,82.4
0502.jpg,82.4
0503.jpg,82.4
0504.jpg,82.4
0505.jpg,83.9
0506.jpg,82.6
0507.jpg,83.0
0508.jpg,83.0
0509.jpg,83.2
0510.jpg,83.4
0511.jpg,83.6
0512.jpg,83.6
0513.jpg,83.6
0514.jpg,83.6
0515.jpg,83.7
0516.jpg,83.6
0517.jpg,83.8
0518.jpg,83.8
0519.jpg,83.8
0520.jpg,83.7
0521.jpg,83.7
0522.jpg,83.7
0523.jpg,83.8
0524.jpg,83.8
0525.jpg,84.1
0526.jpg,84.2
0527.jpg,83.8
0528.jpg,83.6
0529.jpg,84.2
0530.jpg,84.3
0531.jpg,84.4
0532.jpg,84.4
0533.jpg,84.3
0534.jpg,84.3
0535.jpg,84.2
0536.jpg,84.2
0537.jpg,84.2
0538.jpg,83.8
0539.jpg,83.6
0540.jpg,83.8
0541.jpg,83.6
0542.jpg,83.6
0543.jpg,83.3
0544.jpg,83.4
0545.jpg,83.4
0546.jpg,83.3
0547.jpg,83.1
0548.jpg,83.1
0549.jpg,83.1
0550.jpg,83.5
0551.jpg,83.1
0552.jpg,83.1
0553.jpg,83.2
0554.jpg,83.1
0555.jpg,83.3
0556.jpg,83.3
0557.jpg,83.3
0558.jpg,83.3
0559.jpg,83.3
0560.jpg,83.4
0561.jpg,83.5
0562.jpg,83.4
0563.jpg,83.4
0564.jpg,83.4
0565.jpg,83.6
0566.jpg,83.6
0567.jpg,83.6
0568.jpg,83.6
0569.jpg,83.9
0570.jpg,83.9
0571.jpg,83.9
0572.jpg,83.2
0573.jpg,84.1
0574.jpg,84.2
0575.jpg,84.2
0576.jpg,84.3
0577.jpg,84.3
0578.jpg,84.4
0579.jpg,84.4
0580.jpg,84.4
0581.jpg,84.5
0582.jpg,84.5
0583.jpg,83.2
0584.jpg,84.5
0585.jpg,84.6
0586.jpg,84.6
0587.jpg,84.6
0588.jpg,84.6
0589.jpg,84.6
0590.jpg,84.5
0591.jpg,84.5
0592.jpg,84.5
0593.jpg,84.5
0594.jpg,82.9
0595.jpg,84.5
0596.jpg,84.4
0597.jpg,84.3
0598.jpg,84.3
0599.jpg,84.3
0600.jpg,84.3
0601.jpg,84.5
0602.jpg,84.5
0603.jpg,84.4
0604.jpg,84.4
0605.jpg,82.9
0606.jpg,84.4
0607.jpg,84.4
0608.jpg,84.4
0609.jpg,84.4
0610.jpg,84.5
0611.jpg,84.5
0612.jpg,84.5
0613.jpg,84.5
0614.jpg,84.5
0615.jpg,84.6
0616.jpg,82.9
0617.jpg,84.6
0618.jpg,84.7
0619.jpg,84.7
0620.jpg,84.8
0621.jpg,84.8
0622.jpg,84.7
0623.jpg,84.8
0624.jpg,84.7
0625.jpg,84.7
0626.jpg,84.7
0627.jpg,82.8
0628.jpg,84.6
0629.jpg,84.6
0630.jpg,84.4
0631.jpg,84.2
0632.jpg,84.2
0633.jpg,84.0
0634.jpg,83.7
0635.jpg,83.7
0636.jpg,83.7
0637.jpg,83.6
0638.jpg,83.6
0639.jpg,82.9
0640.jpg,83.6
0641.jpg,83.6
0642.jpg,83.6
0643.jpg,83.8
0644.jpg,83.8
0645.jpg,83.7
0646.jpg,83.7
0647.jpg,83.4
0648.jpg,83.4
0649.jpg,83.4
0650.jpg,82.9
0651.jpg,83.4
0652.jpg,83.4
0653.jpg,83.4
0654.jpg,83.4
0655.jpg,83.3
0656.jpg,83.3
0657.jpg,83.3
0658.jpg,83.7
0659.jpg,83.7
0660.jpg,83.7
0661.jpg,83.0
0662.jpg,83.8
0663.jpg,83.8
0664.jpg,83.8
0665.jpg,83.7
0666.jpg,83.9
0667.jpg,83.9
0668.jpg,84.1
0669.jpg,84.3
0670.jpg,84.3
0671.jpg,84.4
0672.jpg,83.0
0673.jpg,84.4
0674.jpg,84.4
0675.jpg,84.7
0676.jpg,84.7
0677.jpg,84.5
0678.jpg,84.6
0679.jpg,84.6
0680.jpg,84.8
0681.jpg,84.9
0682.jpg,84.9
0683.jpg,83.0
0684.jpg,85.1
0685.jpg,85.1
0686.jpg,85.0
0687.jpg,85.0
0688.jpg,85.1
0689.jpg,85.0
0690.jpg,85.0
0691.jpg,85.8
0692.jpg,84.7
0693.jpg,84.7
0694.jpg,83.1
0695.jpg,84.7
0696.jpg,84.8
0697.jpg,84.8
0698.jpg,84.7
0699.jpg,84.7
0700.jpg,84.7
0701.jpg,84.7
0702.jpg,84.7
0703.jpg,84.7
0704.jpg,84.8
0705.jpg,83.1
0706.jpg,84.8
0707.jpg,84.7
0708.jpg,84.7
0709.jpg,84.6
0710.jpg,84.6
0711.jpg,83.1
0712.jpg,83.1
0713.jpg,83.1
0714.jpg,83.6
0715.jpg,83.2
0716.jpg,83.2
0717.jpg,83.3
0718.jpg,83.4
0719.jpg,83.4
0720.jpg,90.6
0721.jpg,91.8
0722.jpg,91.9
0723.jpg,91.9
0724.jpg,92.2
0725.jpg,92.5
0726.jpg,89.9
0727.jpg,92.5
0728.jpg,92.7
0729.jpg,92.6
0730.jpg,92.6
0731.jpg,92.6
0732.jpg,92.7
0733.jpg,92.7
0734.jpg,92.7
0735.jpg,92.7
0736.jpg,92.3
0737.jpg,89.4
0738.jpg,92.4
0739.jpg,91.8
0740.jpg,91.8
0741.jpg,91.2
0742.jpg,91.2
0743.jpg,91.2
0744.jpg,91.3
0745.jpg,91.3
0746.jpg,91.4
0747.jpg,89.4
0748.jpg,91.0
0749.jpg,91.0
0750.jpg,90.8
0751.jpg,90.7
0752.jpg,91.3
0753.jpg,91.6
0754.jpg,91.8
0755.jpg,91.8
0756.jpg,91.8
0757.jpg,88.9
0758.jpg,91.8
0759.jpg,92.3
0760.jpg,92.2
0761.jpg,92.2
0762.jpg,92.1
0763.jpg,92.2
0764.jpg,92.2
0765.jpg,92.4
0766.jpg,91.9
0767.jpg,91.9
0768.jpg,89.3
0769.jpg,91.3
0770.jpg,91.1
0771.jpg,91.1
0772.jpg,90.9
0773.jpg,90.9
0774.jpg,91.0
0775.jpg,90.6
0776.jpg,90.2
0777.jpg,90.2
0778.jpg,89.3
0779.jpg,89.9
0780.jpg,89.5
0781.jpg,89.5
0782.jpg,89.0
0783.jpg,89.0
0784.jpg,89.3
0785.jpg,89.8
0786.jpg,89.8
0787.jpg,89.9
0788.jpg,89.8
0789.jpg,90.2
0790.jpg,89.6
0791.jpg,89.8
0792.jpg,89.3
0793.jpg,89.0
0794.jpg,89.0
0795.jpg,88.8
0796.jpg,88.6
0797.jpg,89.0
0798.jpg,89.0
0799.jpg,89.3
0800.jpg,89.3
0801.jpg,90.1
0802.jpg,89.3
0803.jpg,89.4
0804.jpg,90.0
0805.jpg,90.0
0806.jpg,90.1
0807.jpg,90.4
0808.jpg,90.4
0809.jpg,90.8
0810.jpg,90.8
0811.jpg,91.1
0812.jpg,90.1
0813.jpg,91.3
0814.jpg,91.3
0815.jpg,90.6
0816.jpg,90.2
0817.jpg,90.2
0818.jpg,89.9
0819.jpg,90.5
0820.jpg,90.6
0821.jpg,90.8
0822.jpg,90.5
0823.jpg,90.1
0824.jpg,91.1
0825.jpg,91.1
0826.jpg,91.0
0827.jpg,90.7
0828.jpg,90.7
0829.jpg,91.1
0830.jpg,91.5
0831.jpg,91.5
0832.jpg,19.6
0833.jpg,91.6
0834.jpg,90.1
0835.jpg,91.5
0836.jpg,91.5
0837.jpg,91.5
0838.jpg,91.4
0839.jpg,92.1
0840.jpg,92.1
0841.jpg,91.9
0842.jpg,91.9
0843.jpg,92.4
0844.jpg,92.4
0845.jpg,90.5
0846.jpg,92.2
0847.jpg,91.6
0848.jpg,91.6
0849.jpg,91.3
0850.jpg,91.3
0851.jpg,91.3
0852.jpg,90.9
0853.jpg,90.9
0854.jpg,90.9
0855.jpg,90.8
0856.jpg,90.5
0857.jpg,90.7
0858.jpg,90.5
0859.jpg,90.5
0860.jpg,90.9
0861.jpg,91.4
0862.jpg,91.4
0863.jpg,91.4
0864.jpg,91.7
0865.jpg,91.7
0866.jpg,91.7
0867.jpg,90.7
0868.jpg,91.7
0869.jpg,91.7
0870.jpg,91.4
0871.jpg,91.4
0872.jpg,91.1
0873.jpg,90.7
0874.jpg,90.7
0875.jpg,90.4
0876.jpg,90.3
0877.jpg,90.3
0878.jpg,90.9
0879.jpg,90.4
0880.jpg,90.4
0881.jpg,90.6
0882.jpg,90.6
0883.jpg,90.9
0884.jpg,91.3
0885.jpg,91.3
0886.jpg,91.3
0887.jpg,91.3
0888.jpg,91.3
0889.jpg,90.9
0890.jpg,91.3
0891.jpg,91.3
0892.jpg,91.3
0893.jpg,90.9
0894.jpg,90.9
0895.jpg,90.4
0896.jpg,91.2
0897.jpg,91.0
0898.jpg,91.0
0899.jpg,90.9
0900.jpg,90.9
0901.jpg,91.3
0902.jpg,91.3
0903.jpg,91.3
0904.jpg,91.3
0905.jpg,91.4
0906.jpg,90.4
0907.jpg,91.4
0908.jpg,91.3
0909.jpg,91.3
0910.jpg,91.7
0911.jpg,91.7
0912.jpg,99.8
